id,symbol,name,image,current_price,market_cap,market_cap_rank,fully_diluted_valuation,total_volume,high_24h,low_24h,price_change_24h,price_change_percentage_24h,market_cap_change_24h,market_cap_change_percentage_24h,circulating_supply,total_supply,max_supply,ath,ath_change_percentage,ath_date,atl,atl_change_percentage,atl_date,roi,last_updated,price_change_percentage_1h_in_currency,price_change_percentage_24h_in_currency,roi.times,roi.currency,roi.percentage
bitcoin,btc,Bitcoin,https://assets.coingecko.com/coins/images/1/large/bitcoin.png?1547033579,51335.0,969199251420,1,1077227925394.0,33012495967.0,51604.0,48075.0,3164.58,6.56961,56015650384.0,6.13411,18894037.0,21000000.0,21000000.0,69045.0,-25.70535,2021-11-10T14:24:11.849Z,67.81,75548.61283,2013-07-06T00:00:00.000Z,,2021-12-07T14:45:36.423Z,0.6740839258549955,6.569607869647107,,,
ethereum,eth,Ethereum,https://assets.coingecko.com/coins/images/279/large/ethereum.png?1595348880,4388.03,520333123072,2,,25985763768.0,4427.25,4008.0,365.9,9.09706,39807971956.0,8.28426,118642654.124,,,4878.26,-10.09665,2021-11-10T14:24:19.604Z,0.432979,1012817.76572,2015-10-20T00:00:00.000Z,,2021-12-07T14:45:23.215Z,0.7179020007470326,9.097056796920475,113.6114337445434,btc,11361.14337445434
binancecoin,bnb,Binance Coin,https://assets.coingecko.com/coins/images/825/large/binance-coin-logo.png?1547034615,585.66,98382203634,3,98382203634.0,2526576109.0,594.51,553.4,31.31,5.64771,4839689975.0,5.17379,168137035.9,168137035.9,168137035.9,686.31,-14.74203,2021-05-10T07:24:17.097Z,0.0398177,1469425.13781,2017-10-19T00:00:00.000Z,,2021-12-07T14:44:07.424Z,0.887217697900464,5.647705779149547,,,
tether,usdt,Tether,https://assets.coingecko.com/coins/images/325/large/Tether-logo.png?1598003707,1.0,77343732192,4,,73460683477.0,1.02,0.992355,0.00549497,0.55096,845688396.0,1.1055,77041290049.2203,77041290049.2203,,1.32,-24.12295,2018-07-24T00:00:00.000Z,0.572521,75.35177,2015-03-02T00:00:00.000Z,,2021-12-07T14:42:34.161Z,0.23858042762929227,0.5509617908924009,,,
solana,sol,Solana,https://assets.coingecko.com/coins/images/4128/large/Solana.jpg?1635329178,200.29,61299835291,5,,2844965656.0,203.42,180.08,18.98,10.46726,5625321576.0,10.10394,305911141.439281,508180963.57,,259.96,-22.9875,2021-11-06T21:54:35.825Z,0.500801,39876.16346,2020-05-11T19:35:23.449Z,,2021-12-07T14:43:53.981Z,0.7962596624952263,10.467260856816402,,,
cardano,ada,Cardano,https://assets.coingecko.com/coins/images/975/large/cardano.png?1547034860,1.45,46416741381,6,65138399384.0,2257871010.0,1.47,1.29,0.152248,11.75908,4648306751.0,11.12875,32066390668.4135,45000000000.0,45000000000.0,3.09,-53.10782,2021-09-02T06:00:10.474Z,0.01925275,7418.51146,2020-03-13T02:22:55.044Z,,2021-12-07T14:44:26.903Z,0.8551346890142599,11.759079148813424,,,
usd-coin,usdc,USD Coin,https://assets.coingecko.com/coins/images/6319/large/USD_Coin_icon.png?1547042389,1.0,40947097253,7,,4231661178.0,1.01,0.99357,0.00239202,0.23932,114057254.0,0.27933,40862718395.474,40828359980.3963,,1.17,-14.55106,2019-05-08T00:40:28.300Z,0.891848,12.35827,2021-05-19T13:14:05.611Z,,2021-12-07T14:43:13.141Z,0.2472763254308102,0.23931976705189187,,,
ripple,xrp,XRP,https://assets.coingecko.com/coins/images/44/large/xrp-symbol-white-128.png?1605778731,0.831872,39305342454,8,83190671158.0,3433301931.0,0.843768,0.771451,0.059369,7.68533,2617638999.0,7.13492,47247295769.0,100000000000.0,100000000000.0,3.4,-75.521,2018-01-07T00:00:00.000Z,0.00268621,30869.5722,2014-05-22T00:00:00.000Z,,2021-12-07T14:43:18.762Z,0.9514111285818425,7.685331403047639,,,
polkadot,dot,Polkadot,https://assets.coingecko.com/coins/images/12171/large/aJGBjJFU_400x400.jpg?1597804776,29.44,31255476221,9,,1419487885.0,29.92,26.04,3.26,12.44627,3356498255.0,12.0309,1062723425.63771,1143672558.55731,,54.98,-46.5055,2021-11-04T14:10:09.301Z,2.7,990.35197,2020-08-20T05:48:11.359Z,,2021-12-07T14:44:58.143Z,1.6942466822525568,12.446266682978392,,,
terra-luna,luna,Terra,https://assets.coingecko.com/coins/images/8284/large/luna1557227471663.png?1567147072,72.44,27746774178,10,72370464631.0,3241921246.0,73.72,62.24,9.34,14.79243,3316468325.0,13.57522,383399143.834311,856538781.228705,1000000000.0,77.73,-6.89535,2021-12-05T09:49:05.708Z,0.121798,59318.35439,2020-03-18T17:03:01.083Z,,2021-12-07T14:44:08.110Z,0.511011144372132,14.792428623531592,,,
dogecoin,doge,Dogecoin,https://assets.coingecko.com/coins/images/5/large/dogecoin.png?1547792256,0.181141,23984135222,11,,1570525324.0,0.182325,0.16504,0.01549766,9.35607,1886870152.0,8.53893,132426963311.491,,,0.731578,-75.24363,2021-05-08T05:08:23.458Z,8.69e-05,208305.45875,2015-05-06T00:00:00.000Z,,2021-12-07T14:45:13.189Z,1.0443590465134327,9.356067757685164,,,
avalanche-2,AVAX,Avalanche,https://assets.coingecko.com/coins/images/12559/large/coin-round-red.png?1604021818,93.21,22614164181,12,67065049399.0,1352244826.0,96.29,81.14,11.34,13.85035,2648976126.0,13.26797,242782169.78843,377752194.4695483,720000000.0,144.96,-35.74521,2021-11-21T14:18:56.538Z,2.8,3225.32598,2020-12-31T13:15:21.540Z,,2021-12-07T14:43:26.893Z,1.1482596388584172,13.850349511890157,,,
shiba-inu,shib,Shiba Inu,https://assets.coingecko.com/coins/images/11939/large/shiba.png?1622619446,3.762e-05,20642985134,13,,2123624306.0,3.856e-05,3.404e-05,3.56e-06,10.44676,1854601829.0,9.871,549151388915518.9,1000000000000000.0,,8.616e-05,-56.37046,2021-10-28T03:54:55.568Z,5.6e-11,66689788.36777,2020-11-28T11:26:25.838Z,,2021-12-07T14:44:53.199Z,1.3159587153246473,10.446760818962852,,,
matic-network,matic,Polygon,https://assets.coingecko.com/coins/images/4713/large/matic-token-icon.png?1624446912,2.44,16672757300,14,24258727990.0,4599143898.0,2.43,1.79,0.646982,36.08829,4164345602.0,33.29236,6872890164.27,10000000000.0,10000000000.0,2.62,-7.42456,2021-05-18T19:38:18.813Z,0.00314376,77064.62135,2019-05-10T00:00:00.000Z,,2021-12-07T14:45:18.053Z,6.358613350383716,36.08829360655215,926.6646243457533,usd,92666.46243457533
crypto-com-chain,cro,Crypto.com Coin,https://assets.coingecko.com/coins/images/7310/large/cypto.png?1547043960,0.633568,16097056830,15,,670519235.0,0.655666,0.521836,0.111732,21.41125,2824980679.0,21.28515,25263013692.0,30263013692.0,,0.965407,-33.99895,2021-11-24T15:53:54.855Z,0.0121196,5157.42537,2019-02-08T00:00:00.000Z,,2021-12-07T14:44:00.065Z,1.6466170550663377,21.411249136839714,,,
binance-usd,busd,Binance USD,https://assets.coingecko.com/coins/images/9576/large/BUSD.png?1568947766,1.0,13384603963,16,,5663021700.0,1.01,0.99112,0.00365397,0.36627,-144935459.21311378,-1.07125,13347883174.12,13347883174.12,,1.15,-13.12185,2020-03-13T02:35:42.953Z,0.901127,11.27741,2021-05-19T13:04:37.445Z,,2021-12-07T14:45:19.770Z,0.10448584703267501,0.36627142384900324,,,
wrapped-bitcoin,wbtc,Wrapped Bitcoin,https://assets.coingecko.com/coins/images/7598/large/wrapped_bitcoin_wbtc.png?1548822744,51222.0,13139605265,17,13139605265.0,429734178.0,51499.0,48112.0,2991.81,6.20322,735728029.0,5.93144,256689.84405604,256689.84405604,256689.84405604,70643.0,-27.53939,2021-11-10T14:40:19.650Z,3139.17,1530.64095,2019-04-02T00:00:00.000Z,,2021-12-07T14:44:26.526Z,0.5095321136712799,6.20321892398608,,,
litecoin,ltc,Litecoin,https://assets.coingecko.com/coins/images/2/large/litecoin.png?1547033580,162.19,11215251494,18,13626322479.0,1451858031.0,164.83,146.22,15.24,10.37293,1015118771.0,9.95202,69136858.2334713,84000000.0,84000000.0,410.26,-60.45996,2021-05-10T03:13:07.904Z,1.15,14020.03156,2015-01-14T00:00:00.000Z,,2021-12-07T14:43:32.409Z,0.6271299655599679,10.372933467885254,,,
algorand,algo,Algorand,https://assets.coingecko.com/coins/images/4380/large/download.png?1547039725,1.74,10971780675,19,17400823721.0,455720714.0,1.8,1.66,0.081925,4.93881,498503923.0,4.75977,6305322582.22024,6754656720.9382,10000000000.0,3.56,-51.13712,2019-06-20T14:51:19.480Z,0.105336,1551.94281,2020-03-13T02:20:48.438Z,,2021-12-07T14:43:44.941Z,0.7945964798730286,4.938811504332316,-0.2746948716181475,usd,-27.46948716181475
chainlink,link,Chainlink,https://assets.coingecko.com/coins/images/877/large/chainlink-new-logo.png?1547034700,20.29,9475731117,20,20290229691.0,1040279313.0,20.33,17.85,2.41,13.499,1071293942.0,12.74677,467009553.9174637,1000000000.0,1000000000.0,52.7,-61.49598,2021-05-10T00:13:57.214Z,0.148183,13592.72036,2017-11-29T00:00:00.000Z,,2021-12-07T14:43:19.364Z,1.687798229894664,13.499001285426534,,,
tron,trx,TRON,https://assets.coingecko.com/coins/images/1094/large/tron-logo.png?1547035066,0.09248,9422338454,21,,1863600488.0,0.092471,0.083682,0.00876836,10.47448,849273089.0,9.90629,101895207050.823,101900409184.273,,0.231673,-60.08557,2018-01-05T00:00:00.000Z,0.00180434,5024.90918,2017-11-12T00:00:00.000Z,,2021-12-07T14:45:13.729Z,1.1985232795619725,10.474481956700213,47.673693609933444,usd,4767.369360993344
bitcoin-cash,bch,Bitcoin Cash,https://assets.coingecko.com/coins/images/780/large/bitcoin-cash-circle.png?1594689492,485.28,9180118904,22,10188929067.0,2402591856.0,485.19,438.79,45.33,10.30312,826587392.0,9.89507,18920781.1466527,21000000.0,21000000.0,3785.82,-87.18409,2017-12-20T00:00:00.000Z,76.93,530.64716,2018-12-16T00:00:00.000Z,,2021-12-07T14:45:28.642Z,0.9251572787803314,10.303117595920877,,,
dai,dai,Dai,https://assets.coingecko.com/coins/images/9956/large/4943.png?1636636734,1.0,8973817448,23,8973817448.0,680495692.0,1.01,0.993662,0.0039629,0.39703,76800475.0,0.86322,8945514485.70994,8945514485.70994,8945514485.70994,1.22,-17.7013,2020-03-13T03:02:50.373Z,0.903243,11.06245,2019-11-25T00:04:18.137Z,,2021-12-07T14:42:59.483Z,0.2588568996506517,0.39703491113291906,,,
terrausd,ust,TerraUSD,https://assets.coingecko.com/coins/images/12681/large/UST.png?1601612407,1.0,8308639185,24,,202295858.0,1.02,0.995597,0.00292148,0.29231,95682955.0,1.16502,8289612501.90999,8289980481.03645,,1.09,-8.20689,2021-01-11T22:30:57.984Z,0.857992,16.81872,2021-05-19T13:14:26.898Z,,2021-12-07T14:43:54.232Z,0.026533643866863042,0.2923063195622398,,,
uniswap,uni,Uniswap,https://assets.coingecko.com/coins/images/12504/large/uniswap-uni.png?1600306604,17.41,7883548632,25,17404370748.0,262300365.0,17.64,15.73,1.66,10.52173,725314924.0,10.1326,452963726.5555916,1000000000.0,1000000000.0,44.92,-61.25181,2021-05-03T05:25:04.822Z,1.03,1589.51933,2020-09-17T01:20:38.214Z,,2021-12-07T14:43:12.467Z,0.6982929519147758,10.521732040563933,,,
okb,okb,OKB,https://assets.coingecko.com/coins/images/4463/large/okb_token.png?1548386209,27.76,7289780411,26,,925834231.0,27.75,25.2,2.54,10.06431,591914172.0,8.83735,262680011.32,300000000.0,,44.01,-36.93587,2021-05-03T01:03:16.108Z,0.580608,4679.74147,2019-01-14T00:00:00.000Z,,2021-12-07T14:43:29.553Z,2.7341817583322974,10.064312761789255,,,
axie-infinity,axs,Axie Infinity,https://assets.coingecko.com/coins/images/13029/large/axie_infinity_logo.png?1604471082,108.8,7159380561,27,29346533375.0,374308792.0,109.7,97.38,11.43,11.73411,702972785.0,10.88799,65869202.56360951,270000000.0,270000000.0,164.9,-34.05935,2021-11-06T19:29:29.482Z,0.123718,87788.98689,2020-11-06T08:05:43.662Z,,2021-12-07T14:44:15.483Z,0.840500623491233,11.73411091288905,,,
stellar,xlm,Stellar,https://assets.coingecko.com/coins/images/100/large/Stellar_symbol_black_RGB.png?1552356157,0.290553,7153072191,28,14523403871.0,743677413.0,0.299466,0.261,0.02916373,11.15719,671562207.0,10.3612,24626906068.858,50001802494.5721,50001802494.5721,0.875563,-66.82619,2018-01-03T00:00:00.000Z,0.00047612,60904.69151,2015-03-05T00:00:00.000Z,,2021-12-07T14:45:09.086Z,0.6098896058201565,11.157188376275377,,,
cosmos,atom,Cosmos,https://assets.coingecko.com/coins/images/1481/large/cosmos_hub.png?1555657960,24.74,7002930652,29,,681547924.0,25.26,22.66,1.77,7.70271,445173255.0,6.7885,283605296.369262,,,44.42,-44.41058,2021-09-20T00:05:25.062Z,1.16,2028.57204,2020-03-13T02:27:44.591Z,,2021-12-07T14:44:55.127Z,0.950231584054108,7.702706174234852,246.3561371545769,usd,24635.61371545769
compound-ether,ceth,cETH,https://assets.coingecko.com/coins/images/10643/large/ceth2.JPG?1581389598,87.75,6902490765,30,,21029259.0,88.62,80.44,6.95,8.59632,557617901.0,8.78848,78662188.1300014,78661694.7496894,,97.75,-10.23221,2021-11-21T12:39:57.508Z,1.89,4551.91502,2020-03-13T02:22:33.711Z,,2021-12-07T14:40:01.302Z,0.6204030228474204,8.596317321285031,,,
staked-ether,steth,Lido Staked Ether,https://assets.coingecko.com/coins/images/13442/large/steth_logo.png?1608607546,4339.73,6730544614,31,6731143400.0,6587077.0,4387.19,3985.18,343.78,8.60312,577018459.0,9.37704,1550281.58399132,1550419.5056112,1550419.5056112,4829.57,-10.10589,2021-11-10T14:40:47.256Z,482.9,799.0544,2020-12-22T04:08:21.854Z,,2021-12-07T14:44:23.164Z,0.6034492853834258,8.603121797639277,,,
vechain,vet,VeChain,https://assets.coingecko.com/coins/images/1167/large/VeChain-Logo-768x725.png?1547035194,0.096511,6441930330,32,,490581078.0,0.098113,0.084203,0.0121697,14.42917,766505520.0,13.50569,66760741299.0,86712634466.0,,0.280991,-65.6468,2021-04-19T01:08:21.675Z,0.00191713,4935.09275,2020-03-13T02:29:59.652Z,,2021-12-07T14:44:52.533Z,1.1287121766666561,14.429169456480645,6.700525486798162,eth,670.0525486798161
ftx-token,ftt,FTX Token,https://assets.coingecko.com/coins/images/9026/large/F.png?1609051564,43.78,6095749733,33,14667231319.0,172150183.0,44.58,40.77,2.92,7.13727,381048111.0,6.66786,139295691.31874424,335165027.385972,335165027.385972,84.18,-48.01553,2021-09-09T16:59:43.151Z,1.15,3706.30774,2019-09-06T00:00:00.000Z,,2021-12-07T14:44:51.343Z,0.753422878754521,7.137272726078836,,,
elrond-erd-2,egld,Elrond,https://assets.coingecko.com/coins/images/12335/large/elrond3_360.png?1626341589,296.28,5982235350,34,,230759073.0,310.88,268.58,24.93,9.18558,497293906.0,9.06653,20180291.0,20397843.0,,545.64,-45.67175,2021-11-23T10:33:26.737Z,6.51,4455.89036,2020-10-07T01:44:53.554Z,,2021-12-07T14:44:04.408Z,1.3035856354238757,9.185578077243761,,,
internet-computer,icp,Internet Computer,https://assets.coingecko.com/coins/images/14495/large/Internet_Computer_logo.png?1620703073,30.32,5564086069,35,14211189352.0,264849174.0,31.16,27.92,2.34,8.3673,430404439.0,8.38393,183710553.9,469213710.0,469213710.0,700.65,-95.67591,2021-05-10T16:05:53.653Z,24.29,24.72457,2021-12-04T05:33:43.785Z,,2021-12-07T14:44:31.328Z,1.2807891558478524,8.367301436862123,,,
filecoin,fil,Filecoin,https://assets.coingecko.com/coins/images/12817/large/filecoin.png?1602753933,39.7,5329231037,36,78219545813.0,583717845.0,39.91,36.7,2.92,7.94206,435720061.0,8.90404,134292810.0,1971076602.0,1971076602.0,236.84,-83.24168,2021-04-01T13:29:41.564Z,20.06,97.86275,2020-12-29T22:32:28.483Z,,2021-12-07T14:44:29.806Z,0.8258954607494129,7.942062634003867,,,
ethereum-classic,etc,Ethereum Classic,https://assets.coingecko.com/coins/images/453/large/ethereum-classic-logo.png?1547034169,39.88,5239453926,37,8396519602.0,1041993910.0,40.03,36.63,3.12,8.50049,389965552.0,8.04138,131477444.769917,210700000.0,210700000.0,167.09,-76.14956,2021-05-06T18:34:22.133Z,0.615038,6379.3706,2016-07-25T00:00:00.000Z,,2021-12-07T14:45:16.515Z,1.2477215860446154,8.500485696588003,87.61405224286874,usd,8761.405224286873
decentraland,mana,Decentraland,https://assets.coingecko.com/coins/images/878/large/decentraland-mana.png?1550108745,3.95,5233023852,38,8649468034.0,1309700439.0,4.08,3.36,0.569529,16.87181,721890667.0,16.00242,1327372145.9864838,2193963427.32015,2193963427.32015,5.85,-32.61811,2021-11-25T10:04:18.534Z,0.00923681,42581.34536,2017-10-31T00:00:00.000Z,,2021-12-07T14:45:15.973Z,0.650386266635598,16.871806017778606,196.2578145321031,usd,19625.78145321031
hedera-hashgraph,hbar,Hedera,https://assets.coingecko.com/coins/images/3688/large/hbar.png?1637045634,0.286039,5232843402,39,,71142535.0,0.288767,0.25066,0.03308229,13.07822,592073366.0,12.75808,18287622674.0,50000000000.0,,0.569229,-49.73178,2021-09-15T10:40:28.318Z,0.00986111,2801.71439,2020-01-02T17:30:24.852Z,,2021-12-07T14:43:12.447Z,1.6915893131965793,13.07822396058684,,,
the-sandbox,sand,The Sandbox,https://assets.coingecko.com/coins/images/12129/large/sandbox_logo.jpg?1597397942,5.54,5051380034,40,16591555861.0,1192316211.0,5.75,4.98,0.537572,10.7496,449940821.0,9.77826,913364619.2233225,3000000000.0,3000000000.0,8.4,-34.09432,2021-11-25T06:04:40.957Z,0.02897764,18997.3638,2020-11-04T15:59:14.441Z,,2021-12-07T14:44:12.321Z,0.9913913519645731,10.749598470350533,,,
theta-token,theta,Theta Network,https://assets.coingecko.com/coins/images/2538/large/theta-token-logo.png?1548387191,4.81,4804213913,41,,219755998.0,4.89,4.32,0.457888,10.52224,436281473.0,9.98828,1000000000.0,1000000000.0,,15.72,-69.4383,2021-04-16T13:15:11.190Z,0.04039979,11791.67906,2020-03-13T02:24:16.483Z,,2021-12-07T14:43:50.982Z,1.0870171626432361,10.522238929773929,31.063391481065132,usd,3106.339148106513
cdai,cdai,cDAI,https://assets.coingecko.com/coins/images/9281/large/cDAI.png?1576467585,0.02170044,4649501746,42,,30752889.0,0.02197952,0.02152889,-0.000208550358,-0.95189,-36159154.13065624,-0.7717,214322671929.667,214322725567.494,,0.03159087,-31.32846,2020-10-12T21:29:00.007Z,0.00728854,197.64428,2020-03-18T04:29:40.819Z,,2021-12-07T14:44:28.671Z,-0.2669784677872766,-0.9518937658855688,,,
fantom,ftm,Fantom,https://assets.coingecko.com/coins/images/4001/large/Fantom.png?1558015016,1.67,4249688211,43,5309700556.0,624968162.0,1.71,1.38,0.286732,20.65777,714445234.0,20.20923,2541152731.01,3175000000.0,3175000000.0,3.46,-51.64635,2021-10-28T05:19:39.845Z,0.00190227,87813.22238,2020-03-13T02:25:38.280Z,,2021-12-07T14:44:13.588Z,0.07378263785901848,20.657773397256555,54.824803913888665,usd,5482.480391388866
near,near,Near,https://assets.coingecko.com/coins/images/10365/large/near_icon.png?1601359077,7.43,4231691162,44,7407848288.0,157857517.0,7.48,6.77,0.652132,9.61441,327805042.0,8.39689,571244307.108182,1000000000.0,1000000000.0,13.2,-43.8318,2021-10-26T13:09:48.238Z,0.526762,1307.25222,2020-11-04T16:09:15.137Z,,2021-12-07T14:44:35.719Z,1.555094619201792,9.614410820452719,,,
compound-usd-coin,cusdc,cUSDC,https://assets.coingecko.com/coins/images/9442/large/Compound_USDC.png?1567581577,0.02233913,3759819842,45,,63621093.0,0.02351898,0.02216307,-0.00021622686,-0.95865,-92457802.61920357,-2.40008,168306432993.948,168306432993.948,,0.058843,-62.03631,2020-10-21T11:24:27.820Z,0.00620705,259.89911,2021-03-04T08:11:37.438Z,,2021-12-07T14:39:58.147Z,-0.29343661108909597,-0.9586495559784232,,,
magic-internet-money,mim,Magic Internet Money,https://assets.coingecko.com/coins/images/16786/large/mimlogopng.png?1624979612,1.01,3750872747,46,,376513473.0,1.02,0.992768,0.00894538,0.8948,35362229.0,0.95175,3719652207.24997,3719652207.24997,,1.04,-3.1373,2021-10-06T13:25:17.751Z,0.919196,9.70391,2021-12-04T05:29:56.806Z,,2021-12-07T14:44:05.173Z,0.7374499941426799,0.8948017763135351,,,
monero,xmr,Monero,https://assets.coingecko.com/coins/images/69/large/monero_logo.png?1547033729,205.72,3700252070,47,,151694310.0,205.09,191.63,13.96,7.2811,219199267.0,6.29692,18042142.0814335,,,542.33,-62.18334,2018-01-09T00:00:00.000Z,0.216177,94771.20653,2015-01-14T00:00:00.000Z,,2021-12-07T14:45:14.613Z,1.6420173405771634,7.281101504155724,,,
gala,gala,Gala,https://assets.coingecko.com/coins/images/12493/large/GALA-COINGECKO.png?1600233435,0.489734,3689750853,48,24459744978.0,1107731589.0,0.532914,0.442505,0.0446562,10.03334,314712019.0,9.32469,7542496572.319239,36303578588.1014,50000000000.0,0.824837,-40.6919,2021-11-26T01:03:48.731Z,0.00013475,362940.6947,2020-12-28T08:46:48.367Z,,2021-12-07T14:45:03.060Z,2.1429888074310477,10.033341929775736,,,
bittorrent-2,btt,BitTorrent,https://assets.coingecko.com/coins/images/7595/large/BTT_Token_Graphic.png?1555066995,0.00394737,3679156084,49,,2995179775.0,0.00408275,0.00285916,0.00102427,35.04041,936327202.0,34.13728,932497500000.0,990000000000.0,,0.01356626,-70.91693,2021-04-05T04:09:06.433Z,0.00013814,2756.09088,2020-03-13T02:22:57.629Z,,2021-12-07T14:44:00.443Z,2.8644513088001036,35.04041027197922,31.894740687664683,usd,3189.4740687664685
tezos,xtz,Tezos,https://assets.coingecko.com/coins/images/976/large/Tezos-logo.png?1547034862,4.18,3626506805,50,,173018026.0,4.25,3.94,0.185013,4.63274,162557880.0,4.69285,868961131.58003,,,9.12,-54.21948,2021-10-04T00:41:18.025Z,0.350476,1090.77544,2018-12-07T00:00:00.000Z,,2021-12-07T14:44:50.142Z,1.445570261217865,4.6327366970086095,7.890657563370732,usd,789.0657563370731
the-graph,grt,The Graph,https://assets.coingecko.com/coins/images/13397/large/Graph_Token.png?1608145566,0.705305,3490417754,51,7041611330.0,133587500.0,0.724482,0.623143,0.081175,13.00606,402528924.0,13.03573,4956845231.0,10000000000.0,10000000000.0,2.84,-75.20271,2021-02-12T07:28:45.775Z,0.103254,582.40844,2020-12-17T21:28:41.332Z,,2021-12-07T14:44:39.456Z,0.8239810762744403,13.006058806264095,,,
klay-token,klay,Klaytn,https://assets.coingecko.com/coins/images/9672/large/CjbT82vP_400x400.jpg?1570548320,1.37,3486737990,52,,27069930.0,1.38,1.22,0.141107,11.51166,345871124.0,11.01196,2551450384.6,,,4.34,-68.50428,2021-03-30T03:44:28.828Z,0.06044,2161.05446,2020-04-29T08:19:34.574Z,,2021-12-07T14:43:27.202Z,1.1280165338247414,11.511663794931422,,,
leo-token,leo,LEO Token,https://assets.coingecko.com/coins/images/8418/large/leo-token.png?1558326215,3.55,3342053639,53,,1036114.0,3.7,3.51,0.03972173,1.13085,37451525.0,1.13331,939993683.9,985239504.0,,3.95,-9.87869,2021-05-14T13:54:31.192Z,0.799859,344.50326,2019-12-24T15:14:35.376Z,,2021-12-07T14:44:02.154Z,-0.10006692184781575,1.1308463447718213,,,
iota,miota,IOTA,https://assets.coingecko.com/coins/images/692/large/IOTA_Swirl.png?1604238557,1.2,3326046890,54,,80446646.0,1.22,1.07,0.125717,11.70295,325558653.0,10.85019,2779530283.277761,2779530283.0,,5.25,-77.2019,2017-12-19T00:00:00.000Z,0.081637,1365.77711,2020-03-13T02:22:41.168Z,,2021-12-07T14:45:08.868Z,0.9555525474554112,11.702952468504249,16.493858687729688,btc,1649.3858687729687
helium,hnt,Helium,https://assets.coingecko.com/coins/images/4284/large/Helium_HNT.png?1612620071,32.91,3297601622,55,7314201593.0,28891961.0,33.76,28.45,4.28,14.97118,410015746.0,14.19926,100539361.984279,223000000.0,223000000.0,54.88,-40.23163,2021-11-12T23:08:25.301Z,0.113248,28862.28634,2020-04-18T00:19:10.902Z,,2021-12-07T14:43:28.169Z,1.8522310832767435,14.971175454279095,,,
loopring,lrc,Loopring,https://assets.coingecko.com/coins/images/913/large/LRC.png?1572852344,2.58,3224155084,56,3556722559.0,1120578433.0,2.62,1.89,0.683323,36.02851,843879846.0,35.45304,1245991468.94246,1373873440.44246,1374513896.0,3.75,-30.99383,2021-11-10T14:59:53.164Z,0.01963893,13075.98184,2019-12-18T13:14:41.553Z,,2021-12-07T14:44:29.995Z,-0.4894389251583975,36.02851248721058,41.9990282655191,usd,4199.90282655191
flow,flow,Flow,https://assets.coingecko.com/coins/images/13446/large/5f6294c0c7a8cda55cb1c936_Flow_Wordmark.png?1631696776,10.15,3188553215,57,,78881881.0,10.34,9.03,1.08,11.88082,322934324.0,11.26927,314343134.0,1391836785.92247,,42.4,-76.07494,2021-04-05T13:49:10.098Z,4.95,104.92007,2021-01-27T15:34:04.000Z,,2021-12-07T14:43:54.057Z,0.9607080413280921,11.88082228518108,,,
eos,eos,EOS,https://assets.coingecko.com/coins/images/738/large/eos-eos-logo.png?1547034481,3.26,3182456050,58,,918786989.0,3.31,3.17,0.087404,2.75228,109671230.0,3.56912,976536655.1763,,,22.71,-85.65066,2018-04-29T07:50:33.540Z,0.5024,548.67003,2017-10-23T00:00:00.000Z,,2021-12-07T14:45:00.796Z,0.8005849836081229,2.7522842186172567,2.2960476879853857,usd,229.60476879853857
pancakeswap-token,cake,PancakeSwap,https://assets.coingecko.com/coins/images/12632/large/pancakeswap-cake-logo_%281%29.png?1629359065,12.42,3062486147,59,,157417407.0,12.48,11.57,0.839247,7.24837,196235653.0,6.84642,246875463.971878,,,43.96,-71.7401,2021-04-30T10:08:22.934Z,0.194441,6289.79513,2020-11-03T14:29:34.165Z,,2021-12-07T14:44:23.024Z,1.3563211148130998,7.248367095362375,,,
radix,xrd,Radix,https://assets.coingecko.com/coins/images/4374/large/Radix.png?1629701658,0.314176,3049622886,60,7539210757.0,1990245.0,0.329317,0.262233,0.04946736,18.68747,264162532.0,9.48362,9708038628.2102,12108038628.2102,24000000000.0,0.651264,-51.7655,2021-11-14T16:09:27.130Z,0.086235,264.2753,2021-09-13T04:50:07.104Z,,2021-12-07T14:42:37.818Z,-0.672959525751545,18.687469741198953,,,
olympus,ohm,Olympus,https://assets.coingecko.com/coins/images/14483/large/token_OHM_%281%29.png?1628311611,535.5,3034039897,61,3551777897.0,101100759.0,572.43,514.21,18.31,3.54129,136571670.0,4.71348,5662937.821970873,6629279.13730919,6629279.13730919,1415.26,-62.14312,2021-04-25T00:00:00.000Z,162.79,229.12051,2021-05-23T22:25:07.703Z,,2021-12-07T14:42:55.874Z,0.6669644048309987,3.5412908213181473,,,
bitcoin-cash-sv,bsv,Bitcoin SV,https://assets.coingecko.com/coins/images/6799/large/BSV.png?1558947902,159.13,3012960062,62,,840384676.0,162.43,117.04,41.48,35.25295,783243554.0,35.12749,18917439.144239,21000000.0,,489.75,-67.47944,2021-04-16T17:09:04.630Z,42.02,279.05738,2018-11-23T00:00:00.000Z,,2021-12-07T14:44:35.033Z,0.8097356933422428,35.252953841593445,,,
kusama,ksm,Kusama,https://assets.coingecko.com/coins/images/9568/large/m4zRhP5e_400x400.jpg?1576190080,300.54,2699406874,63,3005988189.0,98136713.0,303.47,262.93,36.84,13.96837,305693176.0,12.77067,8980098.074112339,10000000.0,10000000.0,621.71,-51.64929,2021-05-18T05:04:41.858Z,0.876572,34192.52891,2020-01-14T19:20:20.768Z,,2021-12-07T14:44:47.897Z,0.6774390298819324,13.968369891016804,,,
enjincoin,enj,Enjin Coin,https://assets.coingecko.com/coins/images/1102/large/enjin-coin-logo.png?1547035078,2.88,2690963491,64,2880066776.0,339222558.0,2.98,2.48,0.394563,15.85548,337385701.0,14.33501,934340659.567558,1000000000.0,1000000000.0,4.82,-40.23932,2021-11-25T09:53:41.955Z,0.01865964,15334.73688,2017-11-12T00:00:00.000Z,,2021-12-07T14:44:05.041Z,0.4111588451825526,15.855480641365308,,,
aave,aave,Aave,https://assets.coingecko.com/coins/images/12645/large/AAVE.png?1601374110,193.02,2588998575,65,3087169610.0,246404477.0,193.37,169.77,22.81,13.39856,297892831.0,13.00214,13418108.636297252,16000000.0,16000000.0,661.69,-70.84478,2021-05-18T21:19:59.514Z,26.02,641.3292,2020-11-05T09:20:11.928Z,,2021-12-07T14:44:14.288Z,1.4442957858066001,13.39855560060959,,,
amp-token,amp,Amp,https://assets.coingecko.com/coins/images/12409/large/amp-200x200.png?1599625397,0.052758,2530615644,66,5229748088.0,43663782.0,0.054713,0.0491394,0.00361818,7.36309,169542661.0,7.18075,48013928909.1577,99441427281.7644,99225164238.50153,0.120813,-56.37386,2021-06-16T16:03:41.147Z,0.00250501,2004.01659,2020-11-04T13:18:12.191Z,,2021-12-07T14:43:52.851Z,0.21912026867944623,7.363090439937885,,,
ecash,xec,eCash,https://assets.coingecko.com/coins/images/16646/large/Logo_final-22.png?1628239446,0.00013332,2520930318,67,2798487522.0,83983041.0,0.00013704,0.00012293,1.02e-05,8.284,180472907.0,7.71101,18917195896789.4,21000000000000.0,21000000000000.0,0.00038001,-64.91664,2021-09-04T17:09:31.137Z,1.847e-05,621.83024,2021-07-20T20:49:46.212Z,,2021-12-07T14:45:38.166Z,-0.05755210238178845,8.283996055101392,,,
blockstack,stx,Stacks,https://assets.coingecko.com/coins/images/2069/large/Stacks_logo_full.png?1604112510,2.37,2490019023,68,,63606979.0,2.42,2.05,0.213284,9.88444,287785664.0,13.0679,1052561461.68777,1818000000.0,,3.39,-30.20857,2021-12-01T01:32:34.725Z,0.04559639,5088.29567,2020-03-13T02:29:26.415Z,,2021-12-07T14:45:37.639Z,1.1877990810373262,9.884435141006286,18.758840778548034,usd,1875.8840778548033
maker,mkr,Maker,https://assets.coingecko.com/coins/images/1364/large/Mark_Maker.png?1585191826,2678.86,2413296004,69,2692472518.0,72411719.0,2677.54,2423.66,250.94,10.33546,219655421.0,10.01328,901310.9472893132,988873.563988944,1005577.0,6292.31,-57.44746,2021-05-03T21:54:29.333Z,168.36,1490.38874,2020-03-16T20:52:36.527Z,,2021-12-07T14:44:44.032Z,1.1123427495508564,10.335464547609739,,,
arweave,ar,Arweave,https://assets.coingecko.com/coins/images/4343/large/oRt6SiEN_400x400.jpg?1591059616,47.71,2391932828,70,3150514590.0,51132685.0,48.28,41.5,6.14,14.78467,284355456.0,13.49205,50108502.0,64598643.0,66000000.0,89.24,-46.50638,2021-11-05T04:14:42.689Z,0.298788,15876.25963,2020-01-31T06:47:36.543Z,,2021-12-07T14:44:48.132Z,1.8400247727118422,14.78467208651843,63.469244724269174,usd,6346.924472426917
quant-network,qnt,Quant,https://assets.coingecko.com/coins/images/3370/large/5ZOu7brX_400x400.jpg?1612437252,170.77,2281865267,71,2488159181.0,53723004.0,179.31,155.97,14.81,9.49289,200294876.0,9.6223,13400967.469289193,14612493.0,14612493.0,427.42,-60.16209,2021-09-11T09:15:00.668Z,0.215773,78814.36552,2018-08-23T00:00:00.000Z,,2021-12-07T14:43:49.085Z,0.2689762171728821,9.492889093992277,15.741899876085265,eth,1574.1899876085265
thorchain,rune,THORChain,https://assets.coingecko.com/coins/images/6595/large/RUNE.png?1614160507,7.71,2279792921,72,3843965633.0,89055338.0,7.76,6.83,0.817938,11.86766,220923275.0,10.73032,296541792.91730165,500000000.0,500000000.0,20.87,-63.15847,2021-05-19T00:30:09.436Z,0.00851264,90211.96603,2019-09-28T00:00:00.000Z,,2021-12-07T14:43:46.693Z,2.8250558588289563,11.867656181565524,201.8973864495149,usd,20189.73864495149
harmony,one,Harmony,https://assets.coingecko.com/coins/images/4344/large/Y88JAze.png?1565065793,0.198159,2275019443,73,2612165073.0,124839100.0,0.198816,0.165565,0.03248237,19.60584,354425916.0,18.45398,11458026950.1007,13156044839.793139,13156044839.793139,0.37902,-47.6143,2021-10-26T09:28:49.782Z,0.00127355,15490.44678,2020-03-13T02:24:14.005Z,,2021-12-07T14:44:54.220Z,-0.25755445212571526,19.605837845472347,61.41240418727484,usd,6141.240418727483
zcash,zec,Zcash,https://assets.coingecko.com/coins/images/486/large/circle-zcash-color.png?1547034197,179.62,2127248426,74,3761997518.0,498572165.0,184.92,165.45,13.46,8.10116,131679322.0,6.59858,11874600.3225468,21000000.0,21000000.0,3191.93,-94.38764,2016-10-29T00:00:00.000Z,19.75,806.88415,2020-03-13T02:20:55.002Z,,2021-12-07T14:45:14.742Z,1.052995067089546,8.101163645561995,,,
neo,neo,NEO,https://assets.coingecko.com/coins/images/480/large/NEO_512_512.png?1594357361,30.08,2120892672,75,,189460076.0,30.44,27.59,2.37,8.54182,160477315.0,8.18588,70530000.0,100000000.0,,198.38,-84.84193,2018-01-15T00:00:00.000Z,0.078349,38280.36784,2016-10-21T00:00:00.000Z,,2021-12-07T14:44:18.859Z,0.6181041025921821,8.54181594904244,834.5157612643136,usd,83451.57612643136
huobi-btc,hbtc,Huobi BTC,https://assets.coingecko.com/coins/images/12407/large/Unknown-5.png?1599624896,51193.0,2041699188,76,2041699188.0,5456908.0,51735.0,48243.0,2836.97,5.86681,109606705.0,5.67295,39884.082204742,39884.082204742,39884.082204742,69325.0,-26.15827,2021-05-10T02:33:06.038Z,11209.02,356.69311,2020-10-12T03:56:16.768Z,,2021-12-07T14:42:55.577Z,0.3765888689899739,5.866810518738009,,,
bitcoin-cash-abc-2,bcha,Bitcoin Cash ABC,https://assets.coingecko.com/coins/images/13120/large/Logo_final-21.png?1624892810,107.02,2011416041,77,,710.19,116.43,97.54,-8.085540076986,-7.02421,-161077704.8929906,-7.41442,18794058.3967894,21000000.0,,378.12,-71.69558,2021-09-04T17:15:31.514Z,9.21,1062.06692,2020-11-15T18:28:32.658Z,,2021-12-07T13:55:00.009Z,0.0,-7.024211308393847,,,
basic-attention-token,bat,Basic Attention Token,https://assets.coingecko.com/coins/images/677/large/basic-attention-token.png?1547034427,1.34,2000251260,78,2009661697.0,636906910.0,1.4,1.18,0.161904,13.73489,228754166.0,12.91304,1492976103.4473505,1500000000.0,1500000000.0,1.9,-29.50619,2021-11-28T00:23:51.354Z,0.072394,1750.67556,2017-07-16T00:00:00.000Z,,2021-12-07T14:44:32.900Z,0.7162846053109381,13.734888808563191,0.9560684893434778,eth,95.60684893434778
waves,waves,Waves,https://assets.coingecko.com/coins/images/425/large/waves.png?1548386117,19.61,1960344122,79,,110136734.0,19.95,18.94,0.566212,2.97268,47822647.0,2.5005,100000000.0,100000000.0,,43.01,-54.42525,2021-05-04T06:49:41.528Z,0.130878,14878.4083,2016-08-02T00:00:00.000Z,,2021-12-07T14:44:17.202Z,1.3791212218859736,2.9726790685756366,103.32656804901106,usd,10332.656804901106
kadena,kda,Kadena,https://assets.coingecko.com/coins/images/3693/large/djLWD6mR_400x400.jpg?1591080616,11.71,1890553693,80,11743562727.0,69972172.0,13.06,10.22,1.46,14.24096,191266332.0,11.25568,160986383.48437,1000000000.0,1000000000.0,27.64,-57.5058,2021-11-11T13:22:45.731Z,0.065811,17744.27626,2020-03-13T02:00:28.582Z,,2021-12-07T14:43:19.497Z,-0.19413666159883075,14.240957285662734,10.71057560081507,usd,1071.057560081507
theta-fuel,tfuel,Theta Fuel,https://assets.coingecko.com/coins/images/8029/large/1_0YusgngOrriVg4ZYx4wOFQ.png?1553483622,0.259696,1886178774,81,,73220557.0,0.265472,0.237847,0.0147936,6.0406,49552231.0,2.698,0.0,5301200000.0,,0.68159,-61.90373,2021-06-09T06:50:55.818Z,0.00090804,28495.73171,2020-03-13T02:30:37.972Z,,2021-12-07T14:43:27.223Z,0.8974027466332564,6.040604359446081,,,
holotoken,hot,Holo,https://assets.coingecko.com/coins/images/3348/large/Holologo_Profile.png?1547037966,0.01027217,1820437026,82,,249436479.0,0.01052833,0.00913091,0.00110534,12.05803,169743930.0,10.28319,177619433541.141,177619433541.141,,0.03126682,-67.22,2021-04-05T16:04:52.608Z,0.0002202,4554.54895,2020-03-13T02:23:01.612Z,,2021-12-07T14:45:07.575Z,2.0206852109955395,12.058026956976487,9.326994687706598,eth,932.6994687706599
chiliz,chz,Chiliz,https://assets.coingecko.com/coins/images/8834/large/Chiliz.png?1561970540,0.335547,1792670894,83,2981785147.0,277436307.0,0.341343,0.291531,0.04340383,14.85704,202969344.0,12.76776,5344064580.0,8888888888.0,8888888888.0,0.878633,-61.82129,2021-03-13T08:04:21.200Z,0.00410887,8064.05624,2019-09-28T00:00:00.000Z,,2021-12-07T14:44:39.869Z,1.5453771839193666,14.857038064604883,14.252138740673486,usd,1425.2138740673486
kucoin-shares,kcs,KuCoin Token,https://assets.coingecko.com/coins/images/1047/large/sa9z79.png?1610678720,22.51,1737561661,84,,4009255.0,22.81,20.06,2.39,11.89174,178754573.0,11.4674,77073331.0,167073331.0,,28.83,-21.80246,2021-12-01T15:09:35.541Z,0.342863,6475.29701,2019-02-07T00:00:00.000Z,,2021-12-07T14:41:36.366Z,0.7743587588435001,11.891742157175015,,,
link,ln,LINK,https://assets.coingecko.com/coins/images/6450/large/linklogo.png?1547042644,272.25,1629061180,85,,14223153.0,272.85,217.61,54.33,24.93009,307309073.0,23.25013,5976007.01314,6045959.0,,345.88,-21.18747,2021-04-01T22:19:00.034Z,1.05,25738.92577,2018-12-26T00:00:00.000Z,,2021-12-07T14:43:48.728Z,0.49488113463109884,24.930093920329107,,,
celsius-degree-token,cel,Celsius Network,https://assets.coingecko.com/coins/images/3263/large/CEL_logo.png?1609598753,3.72,1573633959,86,,2403342.0,3.82,3.68,0.02707308,0.73287,-1629965.5370512009,-0.10347,423415980.3475,695090076.6871,,8.05,-53.81485,2021-06-04T00:04:12.584Z,0.02620268,14083.74025,2018-12-07T00:00:00.000Z,,2021-12-07T14:45:00.448Z,0.6670019140592578,0.7328660747189017,11.40403665340234,usd,1140.403665340234
curve-dao-token,crv,Curve DAO Token,https://assets.coingecko.com/coins/images/12124/large/Curve.png?1597369484,3.86,1513300746,87,12752583053.0,327716878.0,3.92,3.33,0.531346,15.96228,195010954.0,14.79272,391958099.3931446,1645109931.52786,3303030299.0,54.01,-92.85105,2020-08-14T04:53:44.010Z,0.331577,1064.39607,2020-11-05T13:09:50.181Z,,2021-12-07T14:45:20.057Z,0.8282620174935066,15.962276106697596,,,
nexo,nexo,NEXO,https://assets.coingecko.com/coins/images/3695/large/nexo.png?1548086057,2.62,1470387033,88,2625691083.0,28413872.0,2.64,2.02,0.601455,29.78477,340840385.0,30.17497,560000010.0064,1000000000.0,1000000000.0,4.07,-35.45452,2021-05-12T14:37:47.535Z,0.04515276,5715.12843,2018-09-13T00:00:00.000Z,,2021-12-07T14:43:25.442Z,-0.08606872140250445,29.784773378078565,25.20793704573729,usd,2520.793704573729
dash,dash,Dash,https://assets.coingecko.com/coins/images/19/large/dash-logo.png?1548385930,140.45,1469451884,89,,281596513.0,143.99,127.28,13.02,10.21369,126233938.0,9.39787,10468106.279916,18920000.0,,1493.59,-90.60156,2017-12-20T00:00:00.000Z,0.213899,65526.38658,2014-02-14T00:00:00.000Z,,2021-12-07T14:44:45.401Z,1.4053489545393605,10.213692369649477,,,
compound-governance-token,comp,Compound,https://assets.coingecko.com/coins/images/10775/large/COMP.png?1592625425,229.38,1424119251,90,2295294671.0,83930004.0,229.69,201.8,26.84,13.25189,163686110.0,12.9865,6204515.999887176,10000000.0,10000000.0,910.54,-74.79201,2021-05-12T02:29:08.794Z,61.32,274.30242,2020-06-18T12:54:32.788Z,,2021-12-07T14:45:06.905Z,0.755388925593104,13.251892123610382,,,
celo,celo,Celo,https://assets.coingecko.com/coins/images/11090/large/icon-celo-CELO-color-500.png?1592293590,3.79,1392235612,91,3791444906.0,43657142.0,3.87,3.42,0.360183,10.49175,128216455.0,10.14355,367204495.0,1000000000.0,1000000000.0,9.82,-61.38771,2021-08-30T14:25:09.929Z,0.800156,373.93653,2020-05-22T04:15:27.736Z,,2021-12-07T14:44:24.680Z,1.087610083182416,10.49174527798256,,,
msol,msol,Marinade staked SOL,https://assets.coingecko.com/coins/images/17752/large/PJ7Scn3.png?1629175951,203.34,1383820924,92,1383812466.0,107668991.0,206.72,185.19,17.21,9.24882,125060393.0,9.9352,6796311.36114098,6796269.82092189,6796269.82092189,3541.84,-94.25119,2021-08-23T22:16:35.076Z,42.4,380.23018,2021-08-30T10:27:09.425Z,,2021-12-07T14:43:58.432Z,0.32503151867009794,9.248818775933332,,,
wonderland,time,Wonderland,https://assets.coingecko.com/coins/images/18126/large/time.PNG?1630621941,6038.55,1379703010,93,,91295744.0,6064.74,5110.92,927.64,18.15009,209875616.0,17.94073,228574.54315,228574.54315,,10063.72,-40.02098,2021-11-07T19:15:45.691Z,548.37,1000.74139,2021-09-02T23:16:06.662Z,,2021-12-07T14:44:03.569Z,1.3623362394762504,18.15008767019886,,,
huobi-token,ht,Huobi Token,https://assets.coingecko.com/coins/images/2822/large/huobi-token-logo.png?1547036992,8.65,1377439509,94,4323180924.0,104330640.0,8.99,8.59,-0.061642097436,-0.7076,-17561796.631278038,-1.25891,159308566.25441208,500000000.0,500000000.0,39.66,-78.19921,2021-05-12T14:42:21.586Z,0.90862,851.5929,2019-01-30T00:00:00.000Z,,2021-12-07T14:45:27.531Z,0.13393225318217766,-0.7076034265300334,7.737119564225727,usd,773.7119564225727
ecomi,omi,ECOMI,https://assets.coingecko.com/coins/images/4428/large/ECOMI.png?1557928886,0.00551357,1309464232,95,,9398512.0,0.00560482,0.00490894,0.0006022,12.26144,137890312.0,11.76966,237689829874.56,750000000000.0,,0.01343572,-58.99639,2021-03-19T17:20:53.999Z,3.37e-06,163329.4747,2019-11-04T10:52:42.729Z,,2021-12-07T14:44:14.910Z,2.0185893096648764,12.26144262269023,9.7729838095576,btc,977.29838095576
frax,frax,Frax,https://assets.coingecko.com/coins/images/13422/large/frax_logo.png?1608476506,1.01,1298534314,96,1298534314.0,30290576.0,1.03,0.995173,0.01012201,1.01444,15566810.0,1.21334,1288574681.90788,1288574681.90788,1288574681.90788,1.14,-11.63769,2021-02-07T12:55:35.766Z,0.891635,13.02033,2021-12-04T05:33:57.315Z,,2021-12-07T14:43:47.876Z,1.0887453603663058,1.0144425562190789,,,
decred,dcr,Decred,https://assets.coingecko.com/coins/images/329/large/decred.png?1547034093,95.69,1295961067,97,,15172768.0,98.76,89.06,6.22,6.94995,76985866.0,6.31562,13564932.309716,21000000.0,,247.35,-61.37569,2021-04-17T00:41:14.790Z,0.43154,22038.78424,2016-12-26T00:00:00.000Z,,2021-12-07T14:44:18.065Z,0.7047759934021052,6.9499524567493465,,,
true-usd,tusd,TrueUSD,https://assets.coingecko.com/coins/images/3449/large/tusd.png?1618395665,1.0,1291777337,98,,198946797.0,1.01,0.992618,0.00487624,0.48941,27367651.0,2.16446,1290338653.84673,1290872089.84673,,1.62,-38.14599,2018-08-26T20:41:09.375Z,0.88355,13.306,2020-03-12T10:47:51.380Z,,2021-12-07T14:45:05.772Z,0.18242838939552497,0.4894075564310238,,,
mina-protocol,mina,Mina Protocol,https://assets.coingecko.com/coins/images/15628/large/JM4_vQ34_400x400.png?1621394004,4.09,1277015727,99,,69262732.0,4.1,3.28,0.760965,22.8624,228837070.0,21.83188,314300153.840039,876142972.840039,,9.09,-55.30373,2021-06-01T01:42:37.064Z,0.925536,338.99387,2021-07-21T02:30:02.124Z,,2021-12-07T14:43:54.744Z,0.5003153874247084,22.862397118329163,,,
nem,xem,NEM,https://assets.coingecko.com/coins/images/242/large/NEM_Logo_256x256.png?1598687029,0.14065,1265664894,100,,41490846.0,0.14173,0.128571,0.01185772,9.2069,100784138.0,8.65188,8999999999.0,8999999999.0,,1.87,-92.47383,2018-01-07T00:00:00.000Z,8.482e-05,165703.94081,2015-09-05T00:00:00.000Z,,2021-12-07T14:44:56.970Z,1.800580423254744,9.206895334529307,,,
